01/00061,Inner brow raiser
33/00060,Lid tightener
06/00790,Nan
40/00038,Brow lower
08/00220,Brow lower
02/00621,Brow lower
04/00182,Outer brow raiser
23/00682,Outer brow raiser
40/00247,Nan
35/00364,Lid tightener
46/00063,Lid tightener
32/00107,Outer brow raiser
02/00107,Upper lid raiser
49/00289,Upper lid raiser
49/00514,Nan
09/00666,Brow lower
17/00705,Outer brow raiser
33/00094,Upper lid raiser
44/00660,Brow lower
19/00370,Inner brow raiser
53/00109,Lid tightener
24/00060,Outer brow raiser
15/00497,Upper lid raiser
07/00603,Nan
45/00651,Upper lid raiser
30/00688,Brow lower
37/00420,Outer brow raiser
46/00210,Nan
25/00588,Upper lid raiser
35/00168,Brow lower
30/00701,Nan
50/00269,Inner brow raiser
49/00282,Upper lid raiser
06/00513,Nan
36/00933,Upper lid raiser
33/00098,Upper lid raiser
13/00196,Cheek raiser
13/00584,Lid tightener
15/00641,Brow lower
13/00023,Lid tightener
24/00059,Nan
01/00257,Inner brow raiser
49/00761,Brow lower
17/00425,Outer brow raiser
15/00167,Upper lid raiser
25/00416,Nan
01/00686,Outer brow raiser
46/00217,Outer brow raiser
41/00440,Nan
07/00138,Upper lid raiser
31/00042,Inner brow raiser
51/00622,Brow lower
07/00637,Nan
11/00247,Brow lower
47/00086,Upper lid raiser
08/00190,Outer brow raiser
12/00233,Upper lid raiser
41/00547,Nan
28/00231,Nan
23/00809,Brow lower
53/00552,Brow lower
53/00620,Outer brow raiser
40/00342,Brow lower
18/00217,Nan
09/00529,Brow lower
21/00078,Outer brow raiser
42/00266,Inner brow raiser
04/00498,Lid tightener
35/00213,Outer brow raiser
03/00462,Outer brow raiser
19/00589,Outer brow raiser
42/00720,Inner brow raiser
06/00725,Nan
25/00174,Outer brow raiser
36/00486,Lid tightener
03/00103,Inner brow raiser
49/00323,Lid tightener
13/00321,Brow lower
03/00380,Inner brow raiser
48/00202,Nan
16/00619,Nan
30/00729,Brow lower
38/00172,Nan
17/00250,Brow lower
30/00447,Outer brow raiser
01/00386,Nan
44/00161,Outer brow raiser
49/00295,Outer brow raiser
26/00108,Nan
06/00459,Brow lower
23/00793,Nan
23/00756,Brow lower
03/00461,Lid tightener
33/00243,Outer brow raiser
24/00697,Nan
50/00477,Outer brow raiser
21/00554,Inner brow raiser
04/00539,Nan
04/00215,Upper lid raiser
03/00570,Upper lid raiser
10/00131,Lid tightener
09/00376,Brow lower
33/00213,Lid tightener
41/00631,Nan
52/00373,Outer brow raiser
52/00254,Outer brow raiser
33/00470,Inner brow raiser
17/00668,Outer brow raiser
47/00615,Inner brow raiser
21/00049,Cheek raiser
24/00570,Brow lower
08/00213,Nan
02/00345,Brow lower
01/00082,Lid tightener
01/00089,Upper lid raiser
53/00450,Brow lower
45/00287,Brow lower
52/00748,Inner brow raiser
01/00073,Inner brow raiser
04/00723,Nan
21/00832,Upper lid raiser
32/00529,Upper lid raiser
40/00246,Nan
51/00033,Outer brow raiser
02/00511,Brow lower
11/00229,Brow lower
02/00250,Brow lower
14/00779,Lid tightener
03/00633,Nan
39/00407,Outer brow raiser
45/00795,Upper lid raiser
25/00417,Outer brow raiser
26/00068,Brow lower
49/00357,Outer brow raiser
13/00657,Brow lower
24/00409,Outer brow raiser
47/00519,Brow lower
33/00457,Nan
50/00764,Inner brow raiser
24/00540,Brow lower
35/00442,Outer brow raiser
47/00113,Outer brow raiser
21/00835,Upper lid raiser
48/00596,Upper lid raiser
44/00471,Upper lid raiser
02/00269,Brow lower
39/00348,Brow lower
05/00167,Lid tightener
35/00047,Cheek raiser
45/00584,Upper lid raiser
49/00405,Outer brow raiser
07/00245,Upper lid raiser
52/00645,Outer brow raiser
02/00088,Brow lower
30/00522,Brow lower
44/00618,Outer brow raiser
04/00120,Nan
04/00014,Upper lid raiser
01/00200,Outer brow raiser
01/00540,Outer brow raiser
01/00651,Outer brow raiser
12/00588,Lid tightener
10/00454,Outer brow raiser
02/00057,Brow lower
06/00460,Brow lower
33/00506,Nan
11/00213,Upper lid raiser
35/00721,Upper lid raiser
17/00242,Outer brow raiser
09/00583,Outer brow raiser
04/00305,Nan
11/00238,Upper lid raiser
05/00404,Cheek raiser
04/00613,Outer brow raiser
13/00448,Cheek raiser
01/00090,Inner brow raiser
19/00691,Lid tightener
47/00148,Outer brow raiser
52/00375,Outer brow raiser
48/00259,Outer brow raiser
06/00789,Lid tightener
25/00774,Brow lower
53/00197,Outer brow raiser
17/00022,Nan
01/00457,Inner brow raiser
03/00102,Brow lower
52/00116,Outer brow raiser
19/00844,Brow lower
33/00507,Nan
53/00088,Brow lower
27/00300,Outer brow raiser
52/00253,Outer brow raiser
23/00878,Brow lower
13/00485,Lid tightener
50/00364,Outer brow raiser
40/00478,Brow lower
09/00876,Upper lid raiser
40/00306,Brow lower
04/00729,Nan
02/00426,Brow lower
26/00743,Brow lower
49/00571,Inner brow raiser
20/00105,Nan
52/00374,Upper lid raiser
08/00579,Nan
12/00679,Upper lid raiser
01/00502,Cheek raiser
01/00162,Inner brow raiser
07/00633,Nan
01/00188,Outer brow raiser
49/00160,Outer brow raiser
18/00355,Outer brow raiser
50/00494,Brow lower
23/00490,Brow lower
14/00279,Brow lower
10/00092,Cheek raiser
48/00050,Nan
03/00150,Brow lower
39/00876,Upper lid raiser
36/00522,Nan
39/00842,Upper lid raiser
42/00488,Outer brow raiser
20/00717,Brow lower
24/00290,Upper lid raiser
21/00103,Brow lower
53/00507,Outer brow raiser
03/00597,Outer brow raiser
53/00184,Outer brow raiser
22/00770,Lid tightener
16/00258,Outer brow raiser
33/00604,Nan
26/00054,Brow lower
38/00075,Outer brow raiser
07/00165,Lid tightener
28/00307,Outer brow raiser
03/00093,Brow lower
52/00425,Outer brow raiser
23/00564,Brow lower
51/00067,Brow lower
30/00408,Outer brow raiser
03/00163,Brow lower
16/00918,Outer brow raiser
36/00482,Upper lid raiser
01/00557,Inner brow raiser
17/00024,Upper lid raiser
01/00574,Outer brow raiser
38/00173,Outer brow raiser
53/00436,Lid tightener
37/00107,Lid tightener
36/00502,Outer brow raiser
50/00676,Brow lower
33/00062,Outer brow raiser
04/00190,Nan
12/00505,Upper lid raiser
43/00680,Upper lid raiser
17/00249,Outer brow raiser
19/00463,Lid tightener
42/00260,Inner brow raiser
35/00098,Cheek raiser
52/00144,Outer brow raiser
07/00347,Nan
23/00099,Nan
52/00303,Brow lower
49/00074,Cheek raiser
10/00406,Brow lower
47/00436,Inner brow raiser
21/00207,Inner brow raiser
11/00249,Brow lower
14/00280,Upper lid raiser
25/00182,Brow lower
12/00476,Upper lid raiser
07/00634,Inner brow raiser
01/00205,Outer brow raiser
03/00112,Brow lower
25/00350,Brow lower
12/00225,Lid tightener
01/00491,Nan
05/00220,Lid tightener
30/00189,Upper lid raiser
07/00600,Nan
47/00425,Brow lower
01/00556,Outer brow raiser
51/00699,Lid tightener
40/00495,Brow lower
33/00241,Outer brow raiser
16/00798,Outer brow raiser
01/00274,Brow lower
48/00323,Brow lower
10/00045,Brow lower
03/00042,Brow lower
52/00424,Outer brow raiser
15/00389,Brow lower
17/00251,Upper lid raiser
49/00347,Outer brow raiser
14/00319,Upper lid raiser
43/00208,Outer brow raiser
44/00170,Lid tightener
40/00606,Outer brow raiser
25/00615,Upper lid raiser
30/00448,Nan
09/00478,Brow lower
30/00747,Brow lower
19/00145,Cheek raiser
40/00489,Outer brow raiser
02/00425,Lid tightener
21/00192,Upper lid raiser
01/00433,Inner brow raiser
35/00088,Brow lower
13/00445,Upper lid raiser
25/00277,Upper lid raiser
15/00642,Lid tightener
02/00319,Inner brow raiser
01/00449,Brow lower
52/00495,Outer brow raiser
09/00893,Upper lid raiser
52/00304,Brow lower
04/00391,Brow lower
20/00252,Nan
37/00254,Lid tightener
09/00327,Upper lid raiser
01/00074,Nan
23/00284,Brow lower
21/00348,Inner brow raiser
13/00411,Nan
50/00365,Brow lower
43/00190,Outer brow raiser
35/00441,Cheek raiser
47/00106,Outer brow raiser
38/00206,Upper lid raiser
45/00710,Lid tightener
05/00036,Nan
03/00043,Brow lower
09/00581,Brow lower
18/00545,Upper lid raiser
23/00581,Brow lower
37/00583,Outer brow raiser
03/00296,Nan
45/00713,Lid tightener
01/00632,Inner brow raiser
26/00498,Inner brow raiser
23/00718,Brow lower
25/00273,Nan
50/00356,Brow lower
49/00570,Brow lower
50/00081,Outer brow raiser
19/00238,Nan
16/00231,Brow lower
15/00480,Outer brow raiser
07/00493,Nan
13/00078,Outer brow raiser
45/00618,Lid tightener
38/00252,Brow lower
49/00606,Inner brow raiser
05/00054,Nan
52/00679,Lid tightener
09/00396,Upper lid raiser
35/00367,Cheek raiser
37/00535,Outer brow raiser
47/00112,Inner brow raiser
02/00657,Brow lower
33/00599,Nan
36/00672,Inner brow raiser
23/00571,Brow lower
05/00641,Brow lower
45/00382,Outer brow raiser
07/00089,Nan
11/00186,Cheek raiser
06/00063,Nan
21/00561,Brow lower
50/00207,Outer brow raiser
20/00830,Brow lower
30/00673,Brow lower
04/00062,Nan
25/00369,Lid tightener
25/00190,Upper lid raiser
07/00415,Nan
02/00642,Brow lower
21/00221,Inner brow raiser
16/00509,Upper lid raiser
02/00683,Brow lower
50/00369,Brow lower
33/00095,Outer brow raiser
53/00649,Brow lower
26/00227,Lid tightener
52/00264,Brow lower
08/00470,Lid tightener
09/00400,Lid tightener
09/00470,Brow lower
20/00831,Brow lower
22/00816,Brow lower
05/00221,Upper lid raiser
04/00727,Nan
17/00649,Inner brow raiser
04/00686,Outer brow raiser
39/00518,Inner brow raiser
34/00527,Brow lower
05/00092,Lid tightener
17/00642,Inner brow raiser
48/00573,Nan
13/00629,Cheek raiser
12/00624,Brow lower
43/00397,Brow lower
26/00371,Nan
10/00394,Brow lower
28/00035,Brow lower
01/00143,Lid tightener
17/00437,Brow lower
34/00220,Brow lower
44/00439,Outer brow raiser
51/00146,Brow lower
10/00395,Upper lid raiser
37/00536,Outer brow raiser
49/00757,Brow lower
16/00253,Brow lower
09/00188,Upper lid raiser
36/00778,Brow lower
25/00354,Brow lower
26/00069,Nan
33/00208,Outer brow raiser
47/00521,Outer brow raiser
37/00368,Outer brow raiser
35/00366,Lid tightener
03/00579,Nan
18/00230,Nan
49/00297,Lid tightener
07/00609,Nan
07/00337,Inner brow raiser
39/00054,Brow lower
21/00178,Outer brow raiser
32/00440,Brow lower
12/00283,Brow lower
17/00016,Upper lid raiser
02/00547,Upper lid raiser
13/00504,Brow lower
04/00224,Lid tightener
19/00685,Brow lower
34/00520,Outer brow raiser
05/00079,Nan
10/00116,Lid tightener
53/00485,Outer brow raiser
09/00385,Upper lid raiser
02/00344,Upper lid raiser
53/00612,Outer brow raiser
31/00590,Outer brow raiser
35/00315,Cheek raiser
19/00602,Cheek raiser
26/00640,Brow lower
52/00696,Outer brow raiser
11/00250,Lid tightener
09/00669,Outer brow raiser
25/00422,Outer brow raiser
13/00701,Lid tightener
03/00056,Inner brow raiser
23/00493,Outer brow raiser
30/00178,Upper lid raiser
30/00145,Upper lid raiser
45/00623,Upper lid raiser
52/00162,Nan
43/00444,Nan
27/00349,Brow lower
07/00693,Outer brow raiser
09/00167,Upper lid raiser
17/00426,Nan
40/00106,Brow lower
51/00684,Outer brow raiser
04/00162,Nan
05/00782,Outer brow raiser
13/00457,Cheek raiser
14/00124,Cheek raiser
38/00705,Nan
34/00451,Brow lower
11/00176,Upper lid raiser
04/00488,Lid tightener
03/00309,Brow lower
02/00509,Brow lower
51/00382,Nan
13/00446,Upper lid raiser
20/00241,Outer brow raiser
37/00630,Inner brow raiser
53/00253,Brow lower
47/00181,Upper lid raiser
16/00729,Brow lower
16/00236,Outer brow raiser
09/00624,Brow lower
49/00369,Outer brow raiser
40/00513,Outer brow raiser
50/00049,Brow lower
22/00805,Lid tightener
05/00051,Brow lower
37/00413,Brow lower
09/00495,Upper lid raiser
53/00081,Brow lower
06/00448,Lid tightener
49/00219,Upper lid raiser
23/00820,Nan
47/00524,Outer brow raiser
48/00107,Brow lower
08/00464,Brow lower
03/00720,Nan
33/00489,Nan
47/00534,Nan
10/00527,Brow lower
01/00203,Brow lower
13/00520,Lid tightener
12/00040,Brow lower
51/00022,Inner brow raiser
28/00125,Nan
48/00457,Nan
24/00410,Brow lower
14/00777,Upper lid raiser
30/00413,Nan
40/00333,Outer brow raiser
35/00089,Brow lower
13/00628,Nan
01/00500,Nan
08/00188,Nan
33/00423,Outer brow raiser
06/00328,Brow lower
50/00739,Cheek raiser
15/00684,Outer brow raiser
29/00470,Nan
10/00560,Brow lower
29/00260,Brow lower
51/00544,Outer brow raiser
36/00427,Outer brow raiser
30/00410,Nan
33/00214,Outer brow raiser
05/00419,Upper lid raiser
52/00507,Lid tightener
14/00505,Cheek raiser
11/00265,Brow lower
16/00117,Lid tightener
20/00106,Upper lid raiser
06/00137,Lid tightener
05/00717,Upper lid raiser
25/00037,Outer brow raiser
30/00464,Brow lower
53/00396,Nan
09/00212,Nan
06/00682,Nan
04/00678,Upper lid raiser
30/00777,Nan
36/00483,Outer brow raiser
22/00688,Brow lower
26/00744,Outer brow raiser
46/00212,Outer brow raiser
39/00520,Brow lower
42/00391,Inner brow raiser
01/00738,Nan
25/00778,Brow lower
03/00316,Upper lid raiser
26/00503,Upper lid raiser
21/00318,Outer brow raiser
41/00549,Lid tightener
01/00589,Nan
07/00285,Nan
01/00742,Inner brow raiser
13/00638,Brow lower
21/00600,Inner brow raiser
25/00870,Outer brow raiser
18/00216,Upper lid raiser
35/00212,Brow lower
04/00658,Nan
06/00622,Brow lower
49/00704,Outer brow raiser
33/00565,Outer brow raiser
17/00597,Cheek raiser
11/00237,Lid tightener
48/00623,Brow lower
04/00738,Nan
32/00106,Brow lower
09/00135,Outer brow raiser
05/00100,Nan
01/00436,Lid tightener
53/00024,Upper lid raiser
09/00209,Brow lower
02/00685,Brow lower
03/00315,Upper lid raiser
52/00306,Brow lower
09/00625,Brow lower
39/00098,Inner brow raiser
19/00524,Outer brow raiser
02/00110,Outer brow raiser
30/00407,Nan
34/00562,Nan
52/00557,Upper lid raiser
41/00299,Upper lid raiser
33/00601,Lid tightener
52/00552,Brow lower
10/00288,Brow lower
47/00518,Brow lower
01/00482,Outer brow raiser
51/00066,Outer brow raiser
28/00382,Outer brow raiser
14/00392,Upper lid raiser
02/00161,Nan
17/00616,Outer brow raiser
35/00348,Brow lower
03/00090,Cheek raiser
32/00637,Outer brow raiser
18/00303,Upper lid raiser
35/00471,Nan
02/00267,Outer brow raiser
32/00401,Cheek raiser
50/00495,Brow lower
05/00034,Nan
49/00762,Outer brow raiser
01/00068,Upper lid raiser
02/00181,Inner brow raiser
25/00543,Nan
42/00573,Brow lower
12/00519,Upper lid raiser
53/00086,Upper lid raiser
02/00236,Upper lid raiser
09/00714,Lid tightener
31/00044,Nan
17/00636,Outer brow raiser
13/00025,Lid tightener
48/00070,Nan
53/00405,Upper lid raiser
09/00479,Lid tightener
23/00951,Brow lower
25/00392,Nan
26/00520,Inner brow raiser
07/00694,Nan
42/00487,Outer brow raiser
01/00506,Brow lower
30/00148,Nan
35/00576,Nan
23/00954,Brow lower
38/00657,Outer brow raiser
18/00358,Upper lid raiser
01/00381,Inner brow raiser
08/00223,Inner brow raiser
03/00676,Lid tightener
12/00282,Brow lower
49/00752,Inner brow raiser
19/00649,Nan
48/00190,Outer brow raiser
19/00538,Outer brow raiser
26/00527,Nan
37/00490,Brow lower
14/00545,Upper lid raiser
09/00778,Upper lid raiser
32/00398,Lid tightener
09/00253,Nan
09/00668,Upper lid raiser
16/00663,Lid tightener
25/00561,Brow lower
31/00105,Outer brow raiser
19/00383,Inner brow raiser
21/00206,Outer brow raiser
10/00304,Upper lid raiser
01/00202,Upper lid raiser
19/00677,Brow lower
14/00075,Upper lid raiser
48/00508,Nan
15/00580,Upper lid raiser
22/00740,Brow lower
13/00673,Cheek raiser
50/00763,Inner brow raiser
08/00131,Inner brow raiser
01/00214,Nan
23/00568,Outer brow raiser
14/00111,Outer brow raiser
32/00585,Outer brow raiser
19/00430,Outer brow raiser
51/00624,Outer brow raiser
17/00691,Nan
51/00161,Brow lower
40/00436,Brow lower
18/00329,Upper lid raiser
10/00561,Upper lid raiser
16/00464,Upper lid raiser
21/00571,Brow lower
30/00147,Nan
19/00797,Brow lower
36/00421,Outer brow raiser
17/00731,Nan
39/00220,Outer brow raiser
04/00393,Brow lower
12/00035,Brow lower
43/00593,Cheek raiser
20/00599,Inner brow raiser
45/00737,Outer brow raiser
52/00266,Outer brow raiser
53/00200,Lid tightener
06/00572,Nan
35/00311,Outer brow raiser
02/00320,Brow lower
51/00121,Brow lower
16/00508,Nan
46/00388,Outer brow raiser
06/00766,Inner brow raiser
37/00132,Inner brow raiser
35/00433,Brow lower
20/00500,Brow lower
25/00857,Brow lower
36/00476,Upper lid raiser
51/00639,Outer brow raiser
38/00074,Inner brow raiser
39/00753,Upper lid raiser
17/00690,Nan
09/00397,Upper lid raiser
06/00578,Nan
01/00662,Lid tightener
20/00180,Outer brow raiser
52/00372,Brow lower
32/00161,Brow lower
53/00505,Brow lower
44/00162,Lid tightener
17/00742,Outer brow raiser
16/00105,Upper lid raiser
09/00213,Brow lower
01/00691,Outer brow raiser
16/00581,Inner brow raiser
53/00457,Brow lower
19/00647,Outer brow raiser
12/00304,Brow lower
17/00118,Brow lower
02/00316,Brow lower
35/00474,Inner brow raiser
29/00464,Upper lid raiser
21/00316,Brow lower
02/00649,Brow lower
33/00443,Lid tightener
16/00901,Outer brow raiser
39/00222,Upper lid raiser
06/00600,Nan
17/00770,Upper lid raiser
36/00413,Nan
39/00517,Outer brow raiser
42/00265,Inner brow raiser
13/00702,Brow lower
23/00672,Brow lower
26/00146,Outer brow raiser
08/00097,Nan
03/00302,Upper lid raiser
03/00170,Upper lid raiser
20/00431,Outer brow raiser
52/00506,Nan
49/00301,Lid tightener
05/00728,Nan
12/00046,Brow lower
15/00818,Outer brow raiser
15/00481,Brow lower
04/00616,Nan
19/00591,Outer brow raiser
52/00658,Upper lid raiser
43/00582,Upper lid raiser
07/00533,Outer brow raiser
38/00539,Inner brow raiser
15/00516,Outer brow raiser
09/00187,Inner brow raiser
16/00118,Lid tightener
04/00004,Inner brow raiser
02/00433,Brow lower
36/00497,Upper lid raiser
21/00182,Outer brow raiser
12/00036,Brow lower
07/00608,Nan
50/00463,Brow lower
22/00826,Brow lower
47/00486,Brow lower
21/00052,Lid tightener
53/00188,Outer brow raiser
01/00146,Brow lower
17/00253,Outer brow raiser
26/00210,Brow lower
33/00455,Cheek raiser
21/00145,Cheek raiser
03/00573,Outer brow raiser
49/00254,Cheek raiser
05/00088,Nan
33/00467,Nan
21/00080,Brow lower
27/00728,Upper lid raiser
35/00434,Nan
32/00429,Outer brow raiser
50/00479,Brow lower
23/00759,Inner brow raiser
04/00718,Nan
09/00494,Cheek raiser
30/00325,Outer brow raiser
05/00035,Nan
17/00243,Brow lower
12/00521,Upper lid raiser
37/00108,Cheek raiser
09/00521,Upper lid raiser
04/00568,Nan
47/00426,Inner brow raiser
30/00699,Nan
09/00518,Upper lid raiser
37/00502,Brow lower
40/00536,Lid tightener
34/00225,Upper lid raiser
04/00094,Nan
52/00526,Inner brow raiser
35/00349,Outer brow raiser
12/00507,Brow lower
03/00295,Nan
07/00416,Outer brow raiser
10/00047,Upper lid raiser
52/00299,Lid tightener
36/00634,Lid tightener
52/00558,Brow lower
49/00287,Upper lid raiser
52/00256,Brow lower
05/00052,Nan
36/00509,Lid tightener
52/00695,Outer brow raiser
37/00251,Upper lid raiser
39/00139,Outer brow raiser
18/00320,Upper lid raiser
04/00189,Outer brow raiser
48/00285,Brow lower
43/00372,Outer brow raiser
05/00251,Inner brow raiser
52/00525,Upper lid raiser
04/00614,Nan
45/00736,Upper lid raiser
02/00437,Brow lower
32/00354,Nan
29/00530,Nan
09/00598,Brow lower
25/00856,Outer brow raiser
03/00313,Inner brow raiser
23/00810,Brow lower
48/00376,Nan
18/00328,Nan
47/00663,Inner brow raiser
30/00671,Brow lower
24/00590,Inner brow raiser
04/00337,Nan
17/00033,Upper lid raiser
28/00038,Brow lower
28/00248,Nan
49/00334,Nan
09/00199,Inner brow raiser
05/00712,Upper lid raiser
11/00175,Lid tightener
52/00491,Outer brow raiser
53/00508,Brow lower
24/00813,Nan
01/00414,Nan
05/00640,Nan
08/00206,Cheek raiser
36/00921,Nan
26/00214,Inner brow raiser
05/00250,Nan
49/00255,Lid tightener
16/00730,Brow lower
40/00437,Outer brow raiser
26/00819,Inner brow raiser
09/00873,Upper lid raiser
25/00587,Outer brow raiser
12/00657,Brow lower
01/00501,Outer brow raiser
40/00338,Brow lower
25/00141,Brow lower
01/00223,Brow lower
06/00199,Upper lid raiser
27/00305,Nan
20/00339,Brow lower
17/00604,Outer brow raiser
01/00454,Nan
19/00395,Nan
27/00733,Nan
12/00117,Brow lower
09/00326,Upper lid raiser
48/00263,Brow lower
36/00925,Upper lid raiser
04/00032,Nan
10/00163,Upper lid raiser
21/00172,Lid tightener
25/00775,Brow lower
51/00552,Upper lid raiser
32/00102,Nan
22/00793,Upper lid raiser
06/00511,Brow lower
16/00548,Brow lower
10/00106,Lid tightener
01/00666,Brow lower
49/00253,Lid tightener
43/00591,Upper lid raiser
12/00349,Cheek raiser
13/00248,Lid tightener
21/00202,Upper lid raiser
17/00132,Brow lower
12/00656,Upper lid raiser
28/00209,Brow lower
06/00298,Nan
07/00067,Lid tightener
03/00121,Brow lower
25/00871,Brow lower
16/00914,Outer brow raiser
39/00562,Nan
52/00145,Brow lower
03/00637,Upper lid raiser
27/00350,Upper lid raiser
03/00577,Nan
01/00384,Inner brow raiser
39/00305,Outer brow raiser
05/00413,Brow lower
44/00601,Brow lower
21/00272,Brow lower
05/00726,Nan
45/00090,Lid tightener
23/00673,Brow lower
01/00086,Lid tightener
09/00623,Brow lower
30/00218,Outer brow raiser
11/00217,Brow lower
29/00618,Lid tightener
04/00667,Lid tightener
18/00319,Inner brow raiser
17/00714,Outer brow raiser
19/00578,Nan
51/00578,Brow lower
29/00613,Outer brow raiser
50/00741,Brow lower
05/00033,Brow lower
38/00538,Upper lid raiser
04/00655,Nan
01/00412,Brow lower
29/00626,Nan
02/00223,Nan
31/00432,Nan
12/00520,Brow lower
51/00534,Upper lid raiser
28/00237,Cheek raiser
33/00249,Nan
15/00328,Cheek raiser
51/00535,Nan
01/00646,Brow lower
14/00467,Upper lid raiser
10/00387,Cheek raiser
03/00120,Nan
01/00126,Outer brow raiser
47/00646,Brow lower
05/00323,Nan
17/00113,Upper lid raiser
25/00381,Brow lower
03/00639,Upper lid raiser
26/00121,Upper lid raiser
40/00039,Brow lower
07/00228,Nan
39/00749,Outer brow raiser
26/00563,Outer brow raiser
36/00686,Inner brow raiser
41/00226,Upper lid raiser
36/00870,Inner brow raiser
21/00070,Brow lower
21/00195,Upper lid raiser
23/00717,Upper lid raiser
35/00060,Inner brow raiser
04/00188,Nan
47/00107,Upper lid raiser
07/00276,Lid tightener
49/00353,Brow lower
08/00039,Nan
10/00279,Upper lid raiser
07/00240,Lid tightener
24/00921,Nan
53/00393,Outer brow raiser
25/00391,Outer brow raiser
40/00233,Nan
05/00089,Upper lid raiser
20/00733,Lid tightener
20/00678,Brow lower
09/00155,Nan
04/00334,Nan
01/00076,Outer brow raiser
09/00336,Brow lower
13/00038,Upper lid raiser
52/00117,Upper lid raiser
26/00228,Nan
08/00221,Nan
49/00516,Inner brow raiser
25/00268,Brow lower
39/00226,Brow lower
39/00567,Brow lower
04/00569,Brow lower
31/00117,Lid tightener
13/00265,Upper lid raiser
39/00420,Lid tightener
01/00159,Outer brow raiser
02/00427,Brow lower
45/00150,Outer brow raiser
33/00209,Outer brow raiser
45/00380,Upper lid raiser
18/00354,Upper lid raiser
34/00544,Brow lower
33/00456,Cheek raiser
02/00591,Upper lid raiser
53/00435,Inner brow raiser
52/00510,Brow lower
39/00213,Brow lower
30/00505,Outer brow raiser
36/00340,Upper lid raiser
10/00289,Upper lid raiser
24/00702,Inner brow raiser
39/00843,Outer brow raiser
37/00063,Nan
39/00877,Outer brow raiser
04/00036,Nan
16/00385,Brow lower
50/00366,Outer brow raiser
32/00149,Brow lower
05/00430,Outer brow raiser
34/00526,Brow lower
09/00864,Lid tightener
03/00634,Nan
36/00694,Inner brow raiser
48/00268,Nan
02/00175,Brow lower
09/00219,Brow lower
50/00300,Inner brow raiser
26/00097,Inner brow raiser
51/00243,Outer brow raiser
45/00716,Lid tightener
01/00383,Outer brow raiser
52/00161,Brow lower
49/00705,Nan
19/00341,Brow lower
52/00261,Outer brow raiser
47/00053,Brow lower
36/00341,Nan
37/00109,Upper lid raiser
12/00669,Brow lower
28/00555,Nan
39/00844,Nan
41/00628,Upper lid raiser
27/00215,Nan
16/00088,Brow lower
06/00218,Nan
13/00325,Upper lid raiser
09/00824,Outer brow raiser
52/00771,Brow lower
07/00239,Upper lid raiser
22/00790,Upper lid raiser
35/00720,Lid tightener
31/00429,Outer brow raiser
03/00411,Nan
42/00247,Nan
04/00383,Lid tightener
29/00244,Nan
33/00610,Nan
44/00361,Brow lower
09/00256,Upper lid raiser
35/00211,Outer brow raiser
12/00348,Brow lower
08/00217,Inner brow raiser
20/00340,Outer brow raiser
43/00694,Lid tightener
53/00648,Lid tightener
20/00832,Brow lower
52/00784,Nan
14/00602,Upper lid raiser
30/00756,Brow lower
11/00411,Brow lower
17/00111,Outer brow raiser
46/00367,Upper lid raiser
29/00468,Upper lid raiser
50/00759,Inner brow raiser
03/00580,Cheek raiser
02/00098,Outer brow raiser
18/00144,Nan
02/00342,Upper lid raiser
40/00610,Outer brow raiser
04/00685,Nan
13/00686,Brow lower
21/00215,Brow lower
51/00041,Outer brow raiser
36/00490,Nan
36/00463,Outer brow raiser
01/00147,Outer brow raiser
53/00199,Outer brow raiser
13/00685,Brow lower
11/00134,Brow lower
26/00893,Outer brow raiser
06/00683,Nan
44/00168,Lid tightener
15/00585,Upper lid raiser
53/00087,Upper lid raiser
38/00534,Upper lid raiser
41/00387,Nan
09/00202,Inner brow raiser
14/00739,Upper lid raiser
29/00451,Brow lower
25/00140,Brow lower
01/00539,Brow lower
07/00386,Nan
02/00091,Inner brow raiser
02/00653,Brow lower
02/00237,Upper lid raiser
16/00257,Brow lower
13/00249,Brow lower
36/00508,Outer brow raiser
23/00249,Outer brow raiser
18/00150,Brow lower
04/00384,Outer brow raiser
49/00196,Upper lid raiser
12/00477,Upper lid raiser
02/00505,Upper lid raiser
05/00710,Nan
36/00627,Upper lid raiser
38/00551,Nan
18/00636,Outer brow raiser
53/00080,Brow lower
25/00397,Outer brow raiser
33/00466,Outer brow raiser
31/00104,Brow lower
24/00916,Nan
37/00115,Nan
20/00587,Outer brow raiser
51/00555,Nan
05/00713,Outer brow raiser
32/00299,Outer brow raiser
31/00126,Outer brow raiser
04/00065,Outer brow raiser
41/00419,Brow lower
10/00266,Upper lid raiser
09/00443,Upper lid raiser
08/00553,Brow lower
12/00587,Upper lid raiser
16/00383,Brow lower
33/00488,Inner brow raiser
37/00256,Outer brow raiser
10/00524,Brow lower
43/00188,Outer brow raiser
49/00098,Outer brow raiser
01/00459,Inner brow raiser
01/00078,Inner brow raiser
52/00544,Nan
32/00411,Nan
43/00272,Lid tightener
01/00221,Brow lower
19/00251,Upper lid raiser
21/00527,Outer brow raiser
29/00126,Nan
09/00514,Brow lower
13/00022,Brow lower
17/00406,Cheek raiser
41/00741,Outer brow raiser
02/00510,Upper lid raiser
02/00655,Nan
17/00743,Inner brow raiser
03/00672,Brow lower
10/00052,Upper lid raiser
01/00088,Outer brow raiser
32/00148,Nan
35/00086,Brow lower
25/00042,Outer brow raiser
33/00210,Outer brow raiser
14/00716,Lid tightener
21/00605,Nan
05/00403,Nan
09/00338,Brow lower
01/00238,Brow lower
01/00225,Nan
50/00329,Brow lower
41/00554,Inner brow raiser
33/00068,Inner brow raiser
07/00696,Nan
52/00548,Upper lid raiser
41/00504,Outer brow raiser
43/00205,Outer brow raiser
01/00180,Outer brow raiser
46/00253,Outer brow raiser
18/00078,Upper lid raiser
19/00248,Upper lid raiser
38/00541,Cheek raiser
46/00561,Outer brow raiser
41/00531,Inner brow raiser
53/00221,Outer brow raiser
15/00687,Upper lid raiser
53/00516,Outer brow raiser
52/00263,Outer brow raiser
45/00278,Brow lower
25/00476,Outer brow raiser
03/00638,Brow lower
52/00364,Brow lower
09/00526,Cheek raiser
05/00056,Nan
20/00109,Brow lower
53/00682,Brow lower
51/00696,Lid tightener
19/00787,Brow lower
12/00471,Upper lid raiser
50/00469,Brow lower
52/00430,Outer brow raiser
38/00222,Nan
30/00776,Brow lower
50/00575,Outer brow raiser
03/00113,Brow lower
22/00857,Brow lower
10/00397,Brow lower
01/00171,Brow lower
04/00213,Nan
49/00221,Outer brow raiser
37/00489,Nan
38/00226,Inner brow raiser
01/00117,Upper lid raiser
47/00472,Nan
39/00790,Inner brow raiser
17/00670,Upper lid raiser
33/00258,Outer brow raiser
11/00266,Cheek raiser
41/00390,Upper lid raiser
09/00875,Upper lid raiser
09/00597,Upper lid raiser
15/00168,Brow lower
05/00073,Lid tightener
16/00571,Upper lid raiser
09/00140,Upper lid raiser
25/00079,Brow lower
04/00267,Nan
29/00467,Lid tightener
17/00424,Brow lower
13/00326,Brow lower
43/00373,Outer brow raiser
53/00251,Upper lid raiser
52/00434,Outer brow raiser
34/00866,Cheek raiser
39/00866,Outer brow raiser
26/00089,Brow lower
06/00599,Nan
53/00509,Outer brow raiser
40/00089,Upper lid raiser
52/00781,Inner brow raiser
16/00541,Nan
05/00555,Brow lower
06/00616,Nan
17/00008,Upper lid raiser
34/00478,Lid tightener
06/00297,Upper lid raiser
42/00333,Inner brow raiser
53/00395,Outer brow raiser
36/00346,Brow lower
03/00576,Outer brow raiser
01/00164,Outer brow raiser
17/00108,Outer brow raiser
38/00250,Brow lower
01/00107,Inner brow raiser
35/00059,Lid tightener
01/00566,Brow lower
10/00280,Upper lid raiser
38/00703,Inner brow raiser
09/00457,Brow lower
12/00303,Brow lower
10/00291,Upper lid raiser
23/00648,Outer brow raiser
36/00489,Upper lid raiser
49/00197,Upper lid raiser
13/00089,Nan
51/00018,Outer brow raiser
50/00483,Outer brow raiser
35/00691,Outer brow raiser
26/00727,Brow lower
32/00706,Cheek raiser
37/00504,Upper lid raiser
20/00354,Brow lower
16/00626,Nan
52/00127,Outer brow raiser
16/00513,Outer brow raiser
41/00562,Nan
23/00046,Outer brow raiser
40/00691,Nan
04/00264,Nan
48/00324,Inner brow raiser
02/00656,Nan
04/00354,Brow lower
45/00421,Lid tightener
39/00847,Outer brow raiser
30/00720,Inner brow raiser
04/00730,Nan
52/00591,Upper lid raiser
14/00504,Upper lid raiser
03/00618,Nan
12/00042,Brow lower
09/00665,Cheek raiser
15/00778,Brow lower
23/00737,Brow lower
10/00298,Upper lid raiser
16/00237,Brow lower
20/00119,Brow lower
48/00506,Nan
47/00085,Upper lid raiser
09/00493,Brow lower
39/00708,Brow lower
51/00553,Nan
51/00620,Lid tightener
06/00062,Nan
29/00469,Brow lower
30/00757,Brow lower
42/00337,Upper lid raiser
04/00181,Nan
53/00194,Outer brow raiser
53/00519,Brow lower
02/00424,Outer brow raiser
14/00603,Upper lid raiser
07/00339,Inner brow raiser
21/00196,Upper lid raiser
46/00833,Lid tightener
35/00376,Brow lower
04/00342,Outer brow raiser
50/00416,Brow lower
09/00500,Brow lower
33/00198,Nan
14/00477,Brow lower
01/00201,Lid tightener
01/00474,Nan
19/00431,Outer brow raiser
49/00756,Outer brow raiser
18/00574,Nan
19/00253,Nan
45/00246,Upper lid raiser
53/00220,Outer brow raiser
15/00482,Outer brow raiser
32/00322,Outer brow raiser
02/00619,Brow lower
12/00335,Upper lid raiser
35/00360,Cheek raiser
03/00435,Brow lower
51/00199,Outer brow raiser
50/00050,Outer brow raiser
21/00349,Brow lower
39/00588,Outer brow raiser
15/00352,Brow lower
50/00305,Outer brow raiser
04/00008,Nan
45/00349,Outer brow raiser
37/00586,Inner brow raiser
01/00095,Outer brow raiser
36/00649,Outer brow raiser
22/00755,Brow lower
04/00545,Upper lid raiser
41/00563,Upper lid raiser
18/00220,Upper lid raiser
05/00494,Lid tightener
01/00158,Brow lower
47/00183,Nan
49/00753,Brow lower
18/00218,Upper lid raiser
31/00121,Outer brow raiser
39/00750,Upper lid raiser
34/00545,Brow lower
13/00379,Upper lid raiser
50/00076,Brow lower
30/00230,Upper lid raiser
16/00899,Outer brow raiser
30/00136,Outer brow raiser
37/00079,Nan
47/00432,Inner brow raiser
28/00230,Lid tightener
15/00353,Brow lower
32/00336,Nan
45/00465,Nan
09/00210,Inner brow raiser
10/00267,Brow lower
10/00553,Upper lid raiser
08/00455,Nan
51/00554,Brow lower
15/00169,Upper lid raiser
25/00353,Brow lower
23/00566,Outer brow raiser
27/00686,Upper lid raiser
10/00626,Lid tightener
53/00689,Lid tightener
23/00798,Inner brow raiser
17/00630,Upper lid raiser
01/00425,Outer brow raiser
52/00549,Brow lower
09/00255,Brow lower
33/00468,Nan
43/00343,Upper lid raiser
10/00611,Brow lower
09/00502,Lid tightener
18/00161,Brow lower
13/00656,Cheek raiser
25/00081,Brow lower
37/00495,Nan
28/00151,Brow lower
53/00294,Nan
19/00788,Brow lower
17/00405,Nan
53/00297,Brow lower
48/00544,Outer brow raiser
45/00383,Brow lower
11/00430,Upper lid raiser
20/00812,Brow lower
42/00589,Upper lid raiser
43/00595,Lid tightener
32/00292,Outer brow raiser
40/00445,Upper lid raiser
11/00133,Brow lower
36/00629,Upper lid raiser
25/00612,Upper lid raiser
33/00564,Outer brow raiser
05/00433,Nan
12/00518,Brow lower
09/00165,Upper lid raiser
37/00587,Outer brow raiser
42/00390,Upper lid raiser
53/00640,Lid tightener
22/00769,Brow lower
17/00427,Upper lid raiser
13/00517,Upper lid raiser
16/00230,Brow lower
33/00259,Cheek raiser
02/00650,Inner brow raiser
21/00555,Brow lower
13/00658,Brow lower
06/00768,Nan
53/00196,Outer brow raiser
21/00501,Brow lower
26/00348,Brow lower
23/00497,Nan
51/00557,Nan
06/00818,Nan
03/00678,Inner brow raiser
33/00444,Inner brow raiser
50/00761,Brow lower
47/00659,Lid tightener
35/00636,Brow lower
09/00639,Lid tightener
06/00301,Nan
03/00719,Outer brow raiser
04/00651,Nan
52/00484,Brow lower
49/00592,Brow lower
08/00214,Nan
02/00503,Upper lid raiser
48/00507,Outer brow raiser
01/00451,Upper lid raiser
52/00476,Upper lid raiser
26/00552,Brow lower
37/00122,Upper lid raiser
02/00089,Lid tightener
02/00602,Inner brow raiser
35/00113,Cheek raiser
47/00630,Lid tightener
45/00738,Brow lower
24/00426,Lid tightener
05/00729,Nan
08/00242,Brow lower
26/00728,Outer brow raiser
03/00434,Nan
30/00670,Brow lower
11/00525,Cheek raiser
53/00489,Brow lower
12/00041,Cheek raiser
26/00213,Inner brow raiser
43/00644,Upper lid raiser
07/00253,Upper lid raiser
01/00149,Outer brow raiser
34/00122,Outer brow raiser
50/00173,Outer brow raiser
20/00786,Brow lower
31/00062,Lid tightener
02/00179,Brow lower
49/00337,Upper lid raiser
41/00420,Nan
04/00023,Nan
03/00635,Nan
04/00115,Outer brow raiser
49/00075,Upper lid raiser
12/00133,Lid tightener
07/00100,Upper lid raiser
30/00755,Brow lower
02/00174,Outer brow raiser
01/00685,Outer brow raiser
11/00248,Cheek raiser
23/00701,Brow lower
53/00250,Nan
19/00842,Brow lower
47/00334,Outer brow raiser
02/00252,Brow lower
05/00175,Lid tightener
04/00028,Nan
06/00211,Lid tightener
39/00418,Nan
39/00142,Outer brow raiser
38/00431,Outer brow raiser
40/00501,Brow lower
15/00701,Lid tightener
06/00243,Nan
06/00336,Brow lower
38/00227,Inner brow raiser
02/00238,Cheek raiser
17/00326,Brow lower
47/00517,Lid tightener
23/00562,Lid tightener
24/00589,Upper lid raiser
43/00357,Outer brow raiser
50/00431,Outer brow raiser
40/00661,Upper lid raiser
17/00621,Inner brow raiser
20/00118,Brow lower
01/00487,Brow lower
43/00649,Outer brow raiser
31/00054,Brow lower
36/00684,Cheek raiser
34/00350,Brow lower
28/00147,Inner brow raiser
31/00053,Brow lower
53/00470,Brow lower
49/00097,Lid tightener
40/00539,Brow lower
49/00163,Outer brow raiser
26/00230,Nan
51/00147,Nan
14/00321,Upper lid raiser
45/00089,Inner brow raiser
02/00360,Upper lid raiser
17/00248,Brow lower
52/00780,Inner brow raiser
36/00271,Upper lid raiser
48/00201,Brow lower
19/00277,Nan
06/00258,Nan
48/00288,Brow lower
16/00913,Inner brow raiser
31/00072,Brow lower
32/00442,Brow lower
47/00089,Outer brow raiser
13/00637,Upper lid raiser
16/00628,Nan
36/00646,Brow lower
13/00633,Upper lid raiser
09/00854,Cheek raiser
07/00091,Upper lid raiser
08/00040,Nan
44/00158,Lid tightener
49/00339,Cheek raiser
10/00058,Upper lid raiser
47/00651,Brow lower
26/00138,Outer brow raiser
35/00455,Cheek raiser
53/00023,Brow lower
25/00175,Nan
50/00036,Outer brow raiser
01/00218,Upper lid raiser
12/00628,Upper lid raiser
02/00118,Brow lower
01/00570,Inner brow raiser
23/00315,Inner brow raiser
05/00087,Lid tightener
21/00595,Brow lower
35/00321,Cheek raiser
40/00305,Outer brow raiser
37/00631,Outer brow raiser
30/00700,Upper lid raiser
48/00516,Nan
03/00321,Upper lid raiser
25/00071,Lid tightener
07/00599,Nan
30/00736,Nan
33/00224,Outer brow raiser
14/00776,Upper lid raiser
52/00531,Upper lid raiser
41/00627,Outer brow raiser
01/00382,Nan
20/00813,Brow lower
10/00311,Upper lid raiser
09/00200,Nan
25/00737,Brow lower
24/00700,Inner brow raiser
40/00694,Lid tightener
04/00029,Outer brow raiser
16/00386,Brow lower
38/00223,Brow lower
15/00700,Brow lower
17/00143,Inner brow raiser
47/00510,Outer brow raiser
04/00493,Lid tightener
33/00494,Lid tightener
27/00702,Nan
47/00152,Outer brow raiser
18/00724,Brow lower
12/00237,Upper lid raiser
45/00288,Outer brow raiser
39/00519,Brow lower
02/00329,Brow lower
24/00522,Outer brow raiser
50/00762,Inner brow raiser
17/00131,Outer brow raiser
27/00195,Nan
39/00578,Nan
19/00382,Upper lid raiser
02/00385,Upper lid raiser
30/00181,Nan
22/00375,Brow lower
12/00132,Brow lower
44/00165,Outer brow raiser
39/00566,Brow lower
37/00581,Brow lower
53/00604,Outer brow raiser
50/00501,Brow lower
26/00116,Brow lower
53/00289,Nan
49/00351,Outer brow raiser
14/00470,Upper lid raiser
23/00763,Brow lower
16/00618,Upper lid raiser
09/00482,Cheek raiser
07/00178,Lid tightener
04/00538,Nan
50/00566,Brow lower
49/00167,Outer brow raiser
45/00093,Upper lid raiser
53/00228,Outer brow raiser
31/00043,Brow lower
25/00072,Brow lower
04/00302,Brow lower
35/00051,Cheek raiser
26/00115,Brow lower
02/00111,Outer brow raiser
31/00033,Brow lower
36/00478,Lid tightener
40/00248,Nan
18/00738,Upper lid raiser
40/00704,Outer brow raiser
35/00341,Upper lid raiser
35/00622,Inner brow raiser
46/00316,Inner brow raiser
34/00532,Brow lower
24/00812,Upper lid raiser
30/00229,Outer brow raiser
53/00518,Lid tightener
14/00122,Upper lid raiser
27/00217,Upper lid raiser
50/00268,Outer brow raiser
17/00279,Outer brow raiser
10/00529,Cheek raiser
19/00396,Upper lid raiser
25/00372,Upper lid raiser
24/00624,Brow lower
27/00536,Outer brow raiser
45/00583,Brow lower
08/00210,Nan
20/00155,Cheek raiser
28/00545,Brow lower
26/00747,Brow lower
36/00273,Upper lid raiser
25/00036,Inner brow raiser
01/00364,Nan
48/00051,Brow lower
19/00678,Brow lower
13/00404,Brow lower
04/00303,Inner brow raiser
38/00077,Inner brow raiser
07/00541,Upper lid raiser
17/00693,Outer brow raiser
10/00612,Brow lower
15/00769,Lid tightener
40/00341,Outer brow raiser
21/00104,Outer brow raiser
13/00184,Lid tightener
04/00009,Inner brow raiser
13/00088,Cheek raiser
43/00207,Outer brow raiser
10/00249,Brow lower
47/00504,Outer brow raiser
20/00492,Brow lower
09/00881,Brow lower
52/00494,Brow lower
50/00769,Outer brow raiser
10/00533,Brow lower
01/00153,Inner brow raiser
38/00542,Inner brow raiser
39/00219,Outer brow raiser
26/00122,Brow lower
36/00443,Upper lid raiser
47/00672,Outer brow raiser
01/00461,Brow lower
32/00397,Nan
26/00141,Outer brow raiser
40/00528,Outer brow raiser
51/00122,Inner brow raiser
20/00108,Brow lower
17/00010,Cheek raiser
20/00165,Outer brow raiser
47/00316,Outer brow raiser
40/00541,Brow lower
09/00653,Brow lower
22/00687,Nan
41/00176,Outer brow raiser
21/00212,Upper lid raiser
02/00396,Brow lower
40/00692,Lid tightener
24/00696,Inner brow raiser
50/00675,Inner brow raiser
10/00093,Brow lower
40/00234,Nan
49/00554,Outer brow raiser
12/00430,Upper lid raiser
51/00491,Outer brow raiser
19/00522,Outer brow raiser
47/00139,Brow lower
01/00467,Outer brow raiser
32/00584,Nan
48/00595,Outer brow raiser
14/00738,Lid tightener
50/00248,Brow lower
12/00497,Upper lid raiser
34/00140,Lid tightener
15/00382,Lid tightener
20/00251,Brow lower
03/00161,Cheek raiser
19/00698,Lid tightener
01/00168,Upper lid raiser
52/00237,Brow lower
15/00698,Lid tightener
08/00211,Nan
09/00342,Inner brow raiser
46/00681,Outer brow raiser
26/00098,Nan
12/00015,Lid tightener
49/00392,Outer brow raiser
12/00226,Upper lid raiser
40/00337,Brow lower
27/00685,Inner brow raiser
15/00622,Brow lower
02/00099,Lid tightener
11/00218,Upper lid raiser
53/00481,Inner brow raiser
21/00053,Inner brow raiser
32/00103,Outer brow raiser
17/00080,Upper lid raiser
41/00533,Upper lid raiser
07/00246,Upper lid raiser
52/00657,Outer brow raiser
25/00736,Brow lower
43/00187,Nan
33/00200,Nan
02/00515,Upper lid raiser
04/00172,Nan
44/00438,Outer brow raiser
20/00586,Inner brow raiser
16/00254,Brow lower
18/00302,Upper lid raiser
36/00462,Brow lower
19/00588,Brow lower
05/00074,Nan
37/00367,Outer brow raiser
50/00585,Upper lid raiser
01/00452,Brow lower
17/00615,Cheek raiser
09/00483,Brow lower
09/00164,Upper lid raiser
34/00353,Cheek raiser
31/00627,Inner brow raiser
31/00262,Brow lower
52/00529,Nan
04/00242,Nan
17/00280,Upper lid raiser
01/00239,Outer brow raiser
07/00348,Upper lid raiser
45/00652,Outer brow raiser
44/00172,Lid tightener
35/00052,Outer brow raiser
15/00304,Upper lid raiser
01/00365,Outer brow raiser
17/00445,Brow lower
35/00334,Brow lower
17/00629,Outer brow raiser
50/00267,Inner brow raiser
12/00626,Cheek raiser
09/00776,Upper lid raiser
23/00684,Upper lid raiser
21/00050,Inner brow raiser
22/00133,Nan
28/00217,Brow lower
01/00597,Brow lower
10/00105,Lid tightener
51/00124,Outer brow raiser
05/00091,Cheek raiser
08/00290,Nan
01/00096,Outer brow raiser
35/00310,Inner brow raiser
25/00728,Outer brow raiser
12/00045,Brow lower
01/00167,Lid tightener
17/00435,Brow lower
23/00494,Brow lower
09/00471,Lid tightener
45/00796,Outer brow raiser
48/00319,Outer brow raiser
49/00758,Outer brow raiser
23/00649,Brow lower
13/00632,Cheek raiser
45/00650,Outer brow raiser
35/00169,Inner brow raiser
42/00721,Outer brow raiser
05/00321,Brow lower
53/00536,Inner brow raiser
09/00578,Upper lid raiser
20/00792,Inner brow raiser
21/00177,Cheek raiser
49/00290,Cheek raiser
51/00042,Outer brow raiser
19/00628,Nan
32/00423,Outer brow raiser
45/00705,Lid tightener
12/00332,Brow lower
25/00456,Outer brow raiser
14/00120,Upper lid raiser
52/00130,Brow lower
36/00638,Lid tightener
12/00302,Upper lid raiser
40/00095,Outer brow raiser
38/00619,Outer brow raiser
14/00080,Brow lower
28/00544,Brow lower
09/00664,Brow lower
34/00107,Outer brow raiser
22/00825,Nan
01/00559,Inner brow raiser
52/00376,Outer brow raiser
01/00144,Inner brow raiser
04/00536,Nan
43/00329,Brow lower
28/00150,Inner brow raiser
09/00394,Brow lower
30/00695,Brow lower
46/00252,Outer brow raiser
51/00525,Outer brow raiser
02/00548,Nan
13/00598,Brow lower
23/00950,Upper lid raiser
40/00660,Outer brow raiser
21/00494,Brow lower
02/00292,Nan
23/00955,Outer brow raiser
15/00697,Brow lower
29/00614,Brow lower
09/00522,Upper lid raiser
05/00418,Brow lower
22/00437,Outer brow raiser
53/00159,Nan
08/00134,Outer brow raiser
36/00379,Outer brow raiser
37/00468,Outer brow raiser
40/00537,Outer brow raiser
21/00171,Lid tightener
15/00583,Upper lid raiser
52/00555,Upper lid raiser
52/00432,Outer brow raiser
37/00264,Nan
06/00212,Nan
35/00129,Outer brow raiser
26/00212,Brow lower
03/00642,Brow lower
42/00332,Inner brow raiser
35/00454,Cheek raiser
08/00130,Lid tightener
33/00587,Inner brow raiser
11/00270,Brow lower
05/00093,Nan
12/00632,Brow lower
06/00760,Lid tightener
39/00426,Brow lower
33/00612,Nan
52/00590,Outer brow raiser
46/00189,Outer brow raiser
08/00438,Nan
51/00644,Lid tightener
10/00376,Lid tightener
40/00538,Outer brow raiser
25/00278,Brow lower
03/00333,Nan
40/00593,Outer brow raiser
22/00856,Brow lower
53/00277,Upper lid raiser
39/00088,Outer brow raiser
23/00678,Upper lid raiser
47/00435,Inner brow raiser
20/00506,Brow lower
30/00738,Brow lower
31/00229,Nan
23/00180,Brow lower
51/00376,Brow lower
23/00668,Outer brow raiser
47/00606,Upper lid raiser
25/00777,Brow lower
04/00185,Outer brow raiser
36/00922,Nan
01/00592,Brow lower
15/00768,Brow lower
50/00247,Brow lower
13/00551,Cheek raiser
45/00137,Nan
53/00459,Brow lower
24/00539,Brow lower
27/00226,Outer brow raiser
35/00187,Nan
04/00617,Upper lid raiser
26/00891,Brow lower
14/00778,Brow lower
23/00372,Brow lower
36/00610,Outer brow raiser
01/00236,Inner brow raiser
35/00114,Cheek raiser
04/00540,Upper lid raiser
05/00408,Cheek raiser
09/00220,Nan
21/00604,Upper lid raiser
06/00311,Brow lower
10/00393,Upper lid raiser
48/00267,Outer brow raiser
35/00186,Inner brow raiser
17/00648,Inner brow raiser
52/00300,Brow lower
44/00360,Upper lid raiser
13/00585,Lid tightener
49/00274,Brow lower
05/00041,Upper lid raiser
01/00456,Nan
05/00716,Lid tightener
19/00693,Lid tightener
27/00726,Upper lid raiser
49/00386,Outer brow raiser
17/00442,Brow lower
21/00081,Brow lower
30/00739,Nan
37/00133,Nan
46/00682,Upper lid raiser
01/00493,Upper lid raiser
03/00171,Nan
36/00780,Outer brow raiser
03/00299,Upper lid raiser
37/00418,Upper lid raiser
11/00269,Brow lower
44/00201,Nan
52/00234,Upper lid raiser
35/00473,Upper lid raiser
02/00682,Inner brow raiser
24/00548,Brow lower
44/00198,Nan
05/00199,Nan
01/00211,Inner brow raiser
49/00348,Brow lower
50/00037,Outer brow raiser
11/00157,Lid tightener
21/00500,Brow lower
23/00879,Brow lower
19/00373,Nan
43/00197,Brow lower
50/00375,Inner brow raiser
25/00041,Outer brow raiser
37/00589,Brow lower
13/00410,Nan
21/00317,Brow lower
10/00290,Brow lower
49/00707,Nan
48/00318,Brow lower
20/00399,Brow lower
14/00116,Upper lid raiser
32/00422,Outer brow raiser
19/00387,Cheek raiser
34/00563,Inner brow raiser
40/00096,Nan
23/00821,Inner brow raiser
33/00246,Brow lower
04/00491,Lid tightener
21/00213,Brow lower
33/00059,Outer brow raiser
53/00034,Nan
47/00505,Brow lower
09/00398,Cheek raiser
12/00602,Brow lower
04/00492,Lid tightener
13/00185,Cheek raiser
19/00626,Outer brow raiser
37/00255,Cheek raiser
17/00418,Upper lid raiser
50/00636,Brow lower
32/00635,Outer brow raiser
17/00081,Upper lid raiser
21/00831,Nan
01/00505,Lid tightener
03/00747,Brow lower
24/00424,Lid tightener
03/00665,Upper lid raiser
53/00653,Nan
49/00551,Outer brow raiser
22/00748,Brow lower
39/00747,Outer brow raiser
49/00248,Cheek raiser
06/00769,Nan
09/00855,Upper lid raiser
15/00813,Outer brow raiser
12/00281,Upper lid raiser
47/00104,Upper lid raiser
02/00222,Nan
36/00909,Brow lower
50/00304,Outer brow raiser
05/00407,Brow lower
21/00593,Brow lower
14/00501,Outer brow raiser
12/00350,Lid tightener
30/00496,Nan
10/00531,Brow lower
33/00519,Nan
14/00502,Upper lid raiser
08/00216,Nan
20/00254,Nan
36/00626,Lid tightener
25/00722,Lid tightener
35/00097,Brow lower
40/00693,Upper lid raiser
11/00211,Lid tightener
17/00325,Nan
47/00484,Upper lid raiser
13/00264,Upper lid raiser
02/00432,Nan
01/00531,Brow lower
43/00701,Lid tightener
43/00219,Upper lid raiser
42/00401,Outer brow raiser
40/00527,Brow lower
46/00216,Upper lid raiser
39/00791,Outer brow raiser
19/00587,Brow lower
06/00512,Brow lower
39/00425,Outer brow raiser
50/00729,Inner brow raiser
30/00200,Nan
04/00131,Brow lower
09/00775,Brow lower
06/00163,Lid tightener
22/00747,Upper lid raiser
39/00586,Nan
09/00595,Cheek raiser
01/00599,Nan
47/00430,Outer brow raiser
25/00624,Upper lid raiser
01/00199,Outer brow raiser
06/00623,Nan
47/00648,Brow lower
41/00629,Nan
53/00458,Nan
09/00588,Brow lower
33/00460,Inner brow raiser
26/00090,Cheek raiser
09/00141,Nan
23/00697,Brow lower
02/00592,Upper lid raiser
49/00165,Upper lid raiser
06/00767,Nan
13/00503,Upper lid raiser
35/00057,Outer brow raiser
03/00049,Brow lower
26/00564,Brow lower
32/00522,Upper lid raiser
22/00806,Brow lower
26/00123,Outer brow raiser
50/00586,Upper lid raiser
07/00088,Nan
49/00340,Upper lid raiser
51/00543,Outer brow raiser
40/00605,Outer brow raiser
48/00277,Brow lower
12/00136,Brow lower
24/00571,Inner brow raiser
14/00322,Upper lid raiser
01/00273,Brow lower
40/00367,Outer brow raiser
35/00495,Cheek raiser
26/00890,Outer brow raiser
42/00610,Upper lid raiser
52/00530,Upper lid raiser
01/00426,Outer brow raiser
26/00109,Upper lid raiser
20/00654,Outer brow raiser
15/00331,Nan
19/00369,Upper lid raiser
53/00400,Outer brow raiser
40/00512,Outer brow raiser
52/00489,Brow lower
12/00522,Cheek raiser
47/00613,Outer brow raiser
03/00045,Inner brow raiser
17/00015,Nan
25/00595,Brow lower
30/00132,Outer brow raiser
20/00598,Outer brow raiser
48/00069,Brow lower
47/00108,Brow lower
17/00141,Brow lower
08/00218,Brow lower
06/00806,Nan
05/00196,Nan
01/00665,Inner brow raiser
03/00057,Upper lid raiser
12/00623,Upper lid raiser
31/00127,Outer brow raiser
19/00433,Outer brow raiser
03/00322,Upper lid raiser
39/00089,Outer brow raiser
12/00360,Upper lid raiser
33/00223,Nan
46/00627,Lid tightener
37/00588,Outer brow raiser
12/00485,Upper lid raiser
14/00476,Lid tightener
09/00640,Upper lid raiser
27/00196,Outer brow raiser
01/00494,Outer brow raiser
17/00602,Outer brow raiser
27/00222,Upper lid raiser
36/00442,Outer brow raiser
06/00219,Nan
22/00803,Brow lower
22/00855,Lid tightener
07/00587,Nan
01/00091,Outer brow raiser
19/00579,Outer brow raiser
19/00560,Outer brow raiser
48/00624,Brow lower
02/00686,Brow lower
12/00603,Brow lower
35/00094,Outer brow raiser
31/00623,Outer brow raiser
36/00680,Outer brow raiser
37/00348,Outer brow raiser
52/00287,Brow lower
52/00753,Outer brow raiser
40/00446,Brow lower
38/00617,Inner brow raiser
52/00260,Brow lower
51/00023,Outer brow raiser
17/00412,Brow lower
49/00168,Outer brow raiser
53/00619,Outer brow raiser
40/00493,Brow lower
49/00511,Upper lid raiser
18/00249,Outer brow raiser
47/00535,Brow lower
15/00166,Brow lower
33/00199,Upper lid raiser
49/00706,Brow lower
04/00156,Nan
30/00717,Cheek raiser
28/00350,Nan
25/00274,Outer brow raiser
13/00240,Brow lower
15/00679,Upper lid raiser
17/00706,Upper lid raiser
04/00176,Outer brow raiser
02/00680,Outer brow raiser
04/00170,Nan
33/00067,Outer brow raiser
53/00486,Upper lid raiser
47/00471,Inner brow raiser
32/00452,Cheek raiser
01/00222,Nan
50/00328,Inner brow raiser
30/00665,Brow lower
16/00503,Upper lid raiser
52/00789,Lid tightener
31/00431,Nan
02/00651,Upper lid raiser
36/00628,Lid tightener
31/00638,Outer brow raiser
20/00164,Outer brow raiser
25/00196,Outer brow raiser
41/00300,Upper lid raiser
28/00036,Brow lower
40/00594,Brow lower
04/00178,Outer brow raiser
32/00636,Outer brow raiser
04/00736,Nan
09/00894,Brow lower
30/00634,Brow lower
39/00758,Outer brow raiser
04/00548,Upper lid raiser
50/00290,Inner brow raiser
12/00185,Brow lower
47/00537,Outer brow raiser
03/00303,Lid tightener
27/00194,Outer brow raiser
53/00688,Brow lower
51/00375,Upper lid raiser
10/00377,Cheek raiser
09/00472,Brow lower
30/00176,Brow lower
29/00450,Nan
29/00201,Inner brow raiser
46/00578,Upper lid raiser
52/00687,Outer brow raiser
23/00742,Inner brow raiser
38/00076,Inner brow raiser
23/00570,Upper lid raiser
07/00636,Nan
36/00480,Lid tightener
09/00853,Upper lid raiser
03/00046,Brow lower
12/00017,Brow lower
47/00381,Lid tightener
49/00286,Upper lid raiser
39/00099,Brow lower
14/00317,Brow lower
13/00378,Cheek raiser
26/00013,Inner brow raiser
52/00286,Upper lid raiser
17/00434,Outer brow raiser
02/00108,Upper lid raiser
05/00489,Outer brow raiser
19/00828,Brow lower
46/00834,Upper lid raiser
19/00537,Upper lid raiser
50/00434,Outer brow raiser
36/00625,Upper lid raiser
01/00394,Outer brow raiser
17/00130,Brow lower
14/00480,Lid tightener
07/00632,Nan
32/00408,Nan
23/00316,Brow lower
48/00189,Brow lower
37/00080,Lid tightener
04/00713,Lid tightener
23/00683,Upper lid raiser
01/00169,Brow lower
36/00460,Brow lower
12/00678,Lid tightener
03/00379,Nan
09/00325,Brow lower
35/00322,Upper lid raiser
01/00472,Brow lower
45/00622,Outer brow raiser
31/00039,Outer brow raiser
37/00113,Brow lower
08/00552,Upper lid raiser
01/00181,Cheek raiser
20/00112,Brow lower
05/00711,Nan
01/00141,Upper lid raiser
03/00317,Upper lid raiser
38/00110,Outer brow raiser
53/00538,Outer brow raiser
15/00484,Upper lid raiser
36/00647,Outer brow raiser
09/00328,Brow lower
02/00654,Brow lower
09/00575,Lid tightener
53/00495,Outer brow raiser
50/00773,Outer brow raiser
04/00078,Nan
10/00164,Brow lower
30/00186,Inner brow raiser
49/00304,Upper lid raiser
02/00162,Brow lower
35/00573,Outer brow raiser
14/00401,Cheek raiser
15/00621,Upper lid raiser
19/00144,Outer brow raiser
36/00670,Inner brow raiser
13/00553,Brow lower
50/00482,Brow lower
05/00176,Brow lower
45/00624,Outer brow raiser
25/00721,Lid tightener
02/00522,Brow lower
26/00347,Brow lower
51/00579,Upper lid raiser
09/00777,Brow lower
07/00086,Nan
33/00069,Inner brow raiser
03/00721,Outer brow raiser
04/00236,Upper lid raiser
19/00210,Nan
45/00422,Upper lid raiser
52/00252,Upper lid raiser
25/00421,Nan
10/00059,Lid tightener
36/00272,Outer brow raiser
27/00216,Nan
09/00589,Cheek raiser
01/00633,Inner brow raiser
49/00083,Nan
09/00339,Inner brow raiser
36/00425,Outer brow raiser
01/00213,Nan
05/00273,Outer brow raiser
12/00037,Cheek raiser
51/00277,Outer brow raiser
09/00166,Nan
08/00284,Brow lower
02/00079,Brow lower
14/00492,Outer brow raiser
41/00248,Lid tightener
21/00121,Brow lower
13/00456,Upper lid raiser
18/00079,Nan
01/00538,Nan
44/00617,Nan
19/00523,Lid tightener
28/00284,Outer brow raiser
30/00696,Brow lower
36/00783,Inner brow raiser
19/00789,Lid tightener
43/00344,Outer brow raiser
14/00782,Upper lid raiser
45/00136,Upper lid raiser
09/00386,Upper lid raiser
43/00584,Upper lid raiser
51/00604,Nan
23/00762,Brow lower
16/00916,Outer brow raiser
24/00920,Brow lower
15/00515,Brow lower
34/00531,Brow lower
01/00135,Outer brow raiser
21/00201,Outer brow raiser
09/00576,Outer brow raiser
46/00373,Outer brow raiser
03/00487,Outer brow raiser
43/00328,Brow lower
51/00371,Upper lid raiser
03/00608,Outer brow raiser
25/00590,Outer brow raiser
35/00652,Brow lower
53/00553,Brow lower
40/00339,Cheek raiser
33/00244,Nan
21/00193,Outer brow raiser
15/00707,Cheek raiser
23/00666,Inner brow raiser
17/00112,Upper lid raiser
30/00224,Cheek raiser
35/00343,Upper lid raiser
18/00327,Brow lower
42/00357,Outer brow raiser
26/00211,Brow lower
01/00747,Nan
16/00189,Nan
03/00152,Brow lower
19/00592,Brow lower
19/00342,Upper lid raiser
39/00135,Outer brow raiser
49/00740,Outer brow raiser
53/00517,Inner brow raiser
47/00138,Outer brow raiser
28/00127,Nan
36/00910,Inner brow raiser
39/00214,Outer brow raiser
03/00569,Nan
10/00312,Outer brow raiser
35/00427,Inner brow raiser
15/00579,Brow lower
49/00702,Brow lower
23/00736,Inner brow raiser
03/00621,Nan
47/00335,Outer brow raiser
40/00524,Lid tightener
30/00494,Outer brow raiser
11/00412,Upper lid raiser
12/00330,Cheek raiser
15/00694,Brow lower
42/00489,Upper lid raiser
23/00811,Nan
17/00011,Nan
31/00280,Nan
30/00412,Outer brow raiser
17/00255,Outer brow raiser
04/00385,Brow lower
43/00395,Brow lower
12/00604,Upper lid raiser
25/00393,Brow lower
35/00429,Lid tightener
03/00050,Brow lower
15/00777,Lid tightener
33/00452,Inner brow raiser
43/00191,Outer brow raiser
41/00475,Outer brow raiser
53/00252,Brow lower
20/00677,Brow lower
48/00572,Upper lid raiser
44/00176,Brow lower
01/00692,Outer brow raiser
40/00702,Nan
43/00681,Inner brow raiser
28/00351,Outer brow raiser
33/00511,Nan
23/00679,Nan
32/00523,Outer brow raiser
10/00292,Brow lower
16/00902,Inner brow raiser
13/00450,Upper lid raiser
33/00613,Upper lid raiser
42/00387,Upper lid raiser
40/00249,Outer brow raiser
51/00625,Brow lower
52/00128,Lid tightener
20/00355,Brow lower
16/00465,Outer brow raiser
04/00132,Brow lower
40/00700,Nan
42/00389,Outer brow raiser
01/00387,Inner brow raiser
15/00310,Brow lower
37/00598,Nan
04/00022,Lid tightener
14/00745,Cheek raiser
19/00384,Nan
14/00783,Brow lower
19/00686,Lid tightener
20/00253,Brow lower
35/00048,Brow lower
36/00485,Brow lower
49/00247,Upper lid raiser
36/00687,Cheek raiser
16/00378,Outer brow raiser
14/00701,Upper lid raiser
17/00119,Outer brow raiser
01/00219,Inner brow raiser
45/00410,Nan
23/00669,Outer brow raiser
19/00385,Upper lid raiser
51/00623,Outer brow raiser
30/00758,Lid tightener
02/00397,Brow lower
48/00106,Brow lower
12/00018,Brow lower
37/00062,Upper lid raiser
52/00349,Upper lid raiser
07/00230,Nan
43/00415,Upper lid raiser
37/00582,Outer brow raiser
05/00008,Inner brow raiser
24/00422,Brow lower
03/00610,Nan
08/00580,Lid tightener
02/00681,Brow lower
31/00129,Outer brow raiser
17/00324,Brow lower
09/00774,Upper lid raiser
12/00292,Lid tightener
12/00359,Upper lid raiser
51/00112,Brow lower
42/00490,Outer brow raiser
19/00849,Brow lower
34/00467,Brow lower
50/00478,Brow lower
53/00521,Inner brow raiser
13/00594,Upper lid raiser
09/00185,Brow lower
28/00498,Nan
53/00652,Brow lower
39/00560,Upper lid raiser
52/00235,Nan
46/00218,Upper lid raiser
01/00224,Upper lid raiser
01/00220,Nan
36/00648,Inner brow raiser
42/00611,Nan
34/00420,Inner brow raiser
04/00636,Brow lower
12/00715,Lid tightener
02/00499,Outer brow raiser
07/00257,Nan
12/00746,Brow lower
05/00325,Outer brow raiser
51/00098,Outer brow raiser
45/00245,Nan
22/00792,Nan
24/00295,Outer brow raiser
06/00208,Upper lid raiser
13/00514,Nan
35/00466,Nan
33/00600,Nan
26/00342,Outer brow raiser
26/00150,Outer brow raiser
36/00504,Outer brow raiser
04/00615,Outer brow raiser
33/00465,Inner brow raiser
18/00145,Nan
13/00003,Brow lower
05/00320,Outer brow raiser
06/00612,Brow lower
17/00103,Outer brow raiser
46/00379,Outer brow raiser
50/00323,Brow lower
47/00182,Lid tightener
06/00537,Nan
06/00458,Upper lid raiser
31/00433,Outer brow raiser
14/00746,Upper lid raiser
42/00392,Outer brow raiser
51/00276,Outer brow raiser
36/00644,Inner brow raiser
01/00634,Cheek raiser
25/00734,Outer brow raiser
09/00584,Cheek raiser
01/00432,Outer brow raiser
33/00505,Nan
03/00429,Nan
53/00637,Brow lower
51/00160,Outer brow raiser
24/00917,Brow lower
25/00739,Brow lower
37/00518,Inner brow raiser
32/00297,Brow lower
14/00715,Outer brow raiser
42/00440,Upper lid raiser
06/00596,Nan
03/00490,Outer brow raiser
52/00257,Upper lid raiser
41/00555,Inner brow raiser
52/00362,Brow lower
21/00191,Outer brow raiser
05/00032,Brow lower
16/00412,Nan
01/00375,Upper lid raiser
50/00771,Outer brow raiser
34/00358,Brow lower
30/00632,Brow lower
04/00077,Upper lid raiser
33/00063,Outer brow raiser
43/00398,Outer brow raiser
09/00499,Outer brow raiser
17/00142,Outer brow raiser
12/00625,Brow lower
01/00484,Nan
01/00069,Outer brow raiser
36/00475,Outer brow raiser
40/00371,Outer brow raiser
42/00356,Brow lower
07/00218,Nan
27/00317,Nan
24/00547,Brow lower
50/00738,Brow lower
39/00134,Brow lower
24/00880,Upper lid raiser
35/00183,Outer brow raiser
17/00436,Outer brow raiser
51/00695,Outer brow raiser
36/00492,Nan
26/00088,Lid tightener
40/00447,Nan
36/00782,Brow lower
47/00136,Outer brow raiser
16/00552,Brow lower
25/00578,Outer brow raiser
03/00143,Inner brow raiser
04/00433,Brow lower
04/00739,Brow lower
07/00542,Brow lower
05/00412,Upper lid raiser
37/00263,Brow lower
28/00546,Brow lower
23/00644,Outer brow raiser
49/00741,Outer brow raiser
12/00501,Brow lower
21/00707,Inner brow raiser
13/00004,Upper lid raiser
31/00061,Inner brow raiser
30/00542,Nan
12/00579,Lid tightener
04/00544,Upper lid raiser
52/00678,Outer brow raiser
12/00680,Cheek raiser
40/00686,Lid tightener
53/00472,Brow lower
17/00620,Outer brow raiser
05/00493,Brow lower
42/00486,Upper lid raiser
46/00214,Upper lid raiser
52/00345,Outer brow raiser
01/00163,Brow lower
26/00349,Brow lower
25/00869,Lid tightener
50/00432,Brow lower
27/00213,Upper lid raiser
30/00497,Outer brow raiser
49/00336,Brow lower
12/00478,Upper lid raiser
09/00571,Lid tightener
52/00485,Brow lower
33/00215,Outer brow raiser
09/00186,Inner brow raiser
51/00200,Outer brow raiser
25/00267,Outer brow raiser
23/00283,Brow lower
21/00051,Inner brow raiser
30/00515,Upper lid raiser
10/00532,Brow lower
01/00388,Cheek raiser
35/00690,Upper lid raiser
40/00523,Brow lower
01/00530,Nan
25/00729,Outer brow raiser
36/00484,Brow lower
04/00387,Lid tightener
09/00865,Upper lid raiser
49/00322,Outer brow raiser
45/00645,Outer brow raiser
16/00223,Lid tightener
51/00383,Nan
14/00079,Cheek raiser
53/00296,Brow lower
16/00232,Outer brow raiser
49/00321,Upper lid raiser
09/00887,Brow lower
20/00787,Brow lower
25/00780,Outer brow raiser
03/00148,Brow lower
11/00264,Upper lid raiser
40/00350,Outer brow raiser
45/00711,Outer brow raiser
45/00134,Upper lid raiser
37/00494,Inner brow raiser
15/00309,Lid tightener
33/00561,Outer brow raiser
32/00526,Cheek raiser
50/00760,Brow lower
11/00260,Cheek raiser
49/00256,Brow lower
37/00120,Nan
16/00554,Nan
46/00703,Outer brow raiser
20/00823,Brow lower
41/00441,Upper lid raiser
20/00181,Cheek raiser
48/00375,Brow lower
07/00173,Lid tightener
41/00442,Nan
04/00220,Lid tightener
53/00683,Outer brow raiser
52/00159,Outer brow raiser
49/00512,Lid tightener
32/00431,Outer brow raiser
36/00679,Nan
23/00583,Brow lower
36/00521,Lid tightener
48/00287,Brow lower
52/00435,Brow lower
13/00627,Lid tightener
52/00363,Outer brow raiser
27/00211,Nan
17/00596,Upper lid raiser
02/00652,Brow lower
04/00366,Brow lower
28/00557,Nan
01/00741,Outer brow raiser
35/00717,Outer brow raiser
53/00401,Brow lower
02/00247,Upper lid raiser
21/00170,Outer brow raiser
45/00717,Lid tightener
51/00606,Lid tightener
26/00140,Upper lid raiser
45/00771,Outer brow raiser
37/00349,Outer brow raiser
17/00126,Outer brow raiser
30/00223,Outer brow raiser
49/00318,Upper lid raiser
03/00054,Brow lower
38/00560,Nan
53/00096,Lid tightener
34/00050,Nan
45/00464,Outer brow raiser
18/00273,Nan
12/00122,Cheek raiser
09/00577,Lid tightener
25/00620,Upper lid raiser
13/00597,Lid tightener
25/00349,Lid tightener
25/00562,Outer brow raiser
43/00683,Upper lid raiser
52/00271,Outer brow raiser
12/00605,Brow lower
35/00718,Upper lid raiser
34/00430,Brow lower
52/00483,Brow lower
22/00827,Outer brow raiser
41/00470,Outer brow raiser
26/00231,Nan
13/00484,Brow lower
25/00846,Outer brow raiser
12/00121,Brow lower
10/00391,Brow lower
22/00376,Nan
15/00305,Brow lower
30/00190,Nan
01/00418,Lid tightener
26/00749,Brow lower
17/00029,Brow lower
33/00588,Nan
28/00244,Nan
05/00429,Nan
12/00606,Brow lower
50/00331,Outer brow raiser
25/00043,Upper lid raiser
16/00567,Upper lid raiser
36/00516,Outer brow raiser
52/00270,Outer brow raiser
52/00178,Upper lid raiser
17/00488,Brow lower
26/00522,Inner brow raiser
20/00828,Brow lower
06/00069,Nan
53/00484,Nan
04/00437,Lid tightener
50/00464,Outer brow raiser
14/00775,Brow lower
16/00917,Inner brow raiser
21/00493,Brow lower
17/00640,Outer brow raiser
05/00727,Nan
01/00077,Inner brow raiser
24/00701,Inner brow raiser
52/00790,Nan
23/00098,Nan
32/00321,Nan
50/00208,Outer brow raiser
03/00300,Outer brow raiser
05/00219,Upper lid raiser
20/00734,Inner brow raiser
39/00748,Nan
17/00729,Inner brow raiser
06/00312,Cheek raiser
50/00567,Brow lower
01/00409,Nan
13/00368,Upper lid raiser
17/00713,Inner brow raiser
35/00344,Cheek raiser
53/00162,Inner brow raiser
50/00110,Lid tightener
42/00402,Inner brow raiser
09/00136,Nan
04/00301,Outer brow raiser
49/00548,Outer brow raiser
51/00113,Inner brow raiser
19/00574,Nan
45/00772,Cheek raiser
09/00515,Outer brow raiser
43/00204,Outer brow raiser
25/00614,Brow lower
17/00032,Nan
13/00508,Upper lid raiser
01/00424,Lid tightener
52/00490,Brow lower
25/00085,Brow lower
03/00154,Brow lower
01/00465,Outer brow raiser
53/00293,Outer brow raiser
25/00183,Upper lid raiser
25/00176,Brow lower
01/00186,Outer brow raiser
25/00872,Outer brow raiser
33/00609,Nan
39/00227,Outer brow raiser
49/00739,Upper lid raiser
14/00318,Upper lid raiser
40/00112,Brow lower
39/00709,Outer brow raiser
36/00378,Brow lower
21/00077,Brow lower
40/00490,Brow lower
01/00655,Outer brow raiser
53/00021,Lid tightener
01/00413,Outer brow raiser
24/00384,Nan
34/00360,Lid tightener
23/00256,Brow lower
01/00525,Inner brow raiser
07/00698,Nan
04/00438,Nan
36/00505,Outer brow raiser
53/00276,Outer brow raiser
37/00485,Outer brow raiser
12/00408,Brow lower
46/00387,Outer brow raiser
04/00389,Upper lid raiser
33/00481,Brow lower
02/00163,Inner brow raiser
43/00364,Outer brow raiser
45/00714,Lid tightener
18/00229,Brow lower
21/00273,Brow lower
35/00184,Cheek raiser
17/00110,Upper lid raiser
01/00659,Outer brow raiser
49/00228,Upper lid raiser
53/00496,Nan
19/00848,Upper lid raiser
20/00398,Brow lower
10/00051,Lid tightener
32/00337,Brow lower
47/00147,Inner brow raiser
25/00537,Outer brow raiser
21/00208,Inner brow raiser
51/00020,Outer brow raiser
30/00754,Brow lower
23/00799,Brow lower
41/00258,Outer brow raiser
02/00249,Cheek raiser
36/00473,Brow lower
07/00275,Inner brow raiser
52/00436,Outer brow raiser
24/00430,Upper lid raiser
23/00814,Upper lid raiser
53/00606,Outer brow raiser
07/00284,Nan
52/00474,Upper lid raiser
12/00580,Upper lid raiser
53/00033,Nan
25/00380,Upper lid raiser
23/00049,Outer brow raiser
47/00673,Nan
13/00671,Brow lower
04/00392,Brow lower
09/00477,Upper lid raiser
49/00171,Outer brow raiser
04/00386,Brow lower
07/00066,Nan
37/00416,Outer brow raiser
05/00639,Lid tightener
15/00381,Upper lid raiser
35/00497,Cheek raiser
52/00160,Brow lower
53/00182,Outer brow raiser
01/00127,Brow lower
36/00275,Outer brow raiser
39/00828,Cheek raiser
36/00923,Nan
01/00212,Nan
47/00523,Brow lower
38/00249,Brow lower
34/00477,Nan
26/00506,Brow lower
21/00706,Inner brow raiser
19/00397,Outer brow raiser
14/00400,Brow lower
13/00552,Lid tightener
49/00280,Upper lid raiser
34/00519,Brow lower
09/00380,Upper lid raiser
28/00037,Brow lower
17/00077,Nan
30/00495,Outer brow raiser
49/00356,Outer brow raiser
26/00748,Outer brow raiser
45/00619,Outer brow raiser
37/00104,Inner brow raiser
52/00351,Outer brow raiser
35/00470,Lid tightener
27/00731,Upper lid raiser
01/00395,Brow lower
53/00254,Lid tightener
50/00605,Cheek raiser
40/00609,Outer brow raiser
39/00751,Nan
02/00523,Upper lid raiser
27/00738,Nan
48/00456,Outer brow raiser
19/00214,Upper lid raiser
05/00324,Cheek raiser
18/00282,Upper lid raiser
04/00668,Nan
28/00246,Inner brow raiser
38/00430,Brow lower
10/00184,Upper lid raiser
49/00550,Upper lid raiser
03/00312,Nan
40/00699,Lid tightener
04/00638,Nan
02/00641,Upper lid raiser
03/00489,Upper lid raiser
05/00050,Upper lid raiser
18/00151,Brow lower
10/00297,Brow lower
45/00094,Brow lower
29/00615,Nan
03/00094,Brow lower
39/00143,Brow lower
12/00234,Upper lid raiser
35/00327,Upper lid raiser
14/00702,Upper lid raiser
06/00446,Lid tightener
52/00238,Outer brow raiser
37/00137,Brow lower
16/00512,Outer brow raiser
53/00636,Lid tightener
53/00473,Upper lid raiser
08/00289,Brow lower
03/00151,Brow lower
10/00554,Upper lid raiser
01/00108,Outer brow raiser
12/00016,Brow lower
01/00737,Brow lower
33/00603,Lid tightener
40/00370,Outer brow raiser
04/00659,Lid tightener
06/00538,Nan
50/00502,Brow lower
12/00336,Cheek raiser
52/00714,Upper lid raiser
37/00467,Upper lid raiser
06/00726,Nan
40/00525,Brow lower
04/00355,Brow lower
43/00594,Upper lid raiser
07/00174,Inner brow raiser
31/00120,Outer brow raiser
16/00570,Outer brow raiser
36/00477,Outer brow raiser
19/00694,Brow lower
47/00315,Brow lower
45/00151,Brow lower
29/00465,Nan
53/00607,Outer brow raiser
04/00740,Brow lower
09/00888,Upper lid raiser
52/00688,Upper lid raiser
21/00180,Upper lid raiser
09/00473,Lid tightener
06/00574,Nan
16/00810,Brow lower
42/00574,Inner brow raiser
41/00421,Brow lower
04/00361,Brow lower
01/00499,Outer brow raiser
22/00858,Lid tightener
25/00367,Inner brow raiser
01/00282,Lid tightener
10/00523,Upper lid raiser
05/00218,Nan
02/00514,Nan
31/00124,Outer brow raiser
31/00034,Brow lower
36/00424,Outer brow raiser
37/00505,Outer brow raiser
32/00446,Brow lower
47/00180,Cheek raiser
52/00545,Cheek raiser
13/00268,Upper lid raiser
17/00273,Outer brow raiser
34/00146,Brow lower
40/00479,Lid tightener
03/00596,Nan
14/00113,Brow lower
19/00239,Nan
36/00422,Outer brow raiser
05/00197,Nan
12/00714,Brow lower
03/00746,Nan
29/00259,Brow lower
45/00408,Upper lid raiser
03/00055,Brow lower
10/00265,Brow lower
03/00155,Upper lid raiser
42/00246,Upper lid raiser
25/00371,Brow lower
01/00258,Inner brow raiser
38/00516,Outer brow raiser
35/00326,Inner brow raiser
21/00598,Brow lower
17/00413,Brow lower
06/00329,Brow lower
35/00180,Cheek raiser
50/00612,Upper lid raiser
02/00603,Brow lower
27/00730,Upper lid raiser
30/00187,Nan
26/00012,Brow lower
34/00483,Cheek raiser
04/00734,Nan
01/00062,Brow lower
14/00391,Brow lower
16/00224,Outer brow raiser
19/00561,Upper lid raiser
35/00357,Cheek raiser
39/00746,Upper lid raiser
19/00398,Upper lid raiser
09/00587,Brow lower
52/00492,Brow lower
40/00701,Nan
23/00569,Brow lower
52/00255,Outer brow raiser
24/00294,Brow lower
36/00926,Upper lid raiser
22/00817,Nan
16/00504,Inner brow raiser
09/00825,Brow lower
50/00370,Outer brow raiser
20/00669,Brow lower
52/00305,Lid tightener
27/00732,Nan
15/00685,Brow lower
52/00508,Brow lower
35/00719,Lid tightener
19/00211,Lid tightener
23/00496,Outer brow raiser
05/00184,Lid tightener
48/00260,Brow lower
47/00660,Nan
06/00508,Inner brow raiser
02/00274,Inner brow raiser
05/00009,Upper lid raiser
45/00709,Outer brow raiser
52/00177,Upper lid raiser
53/00463,Brow lower
18/00637,Upper lid raiser
23/00055,Outer brow raiser
37/00370,Outer brow raiser
17/00475,Upper lid raiser
24/00423,Nan
27/00573,Brow lower
38/00535,Nan
25/00589,Outer brow raiser
46/00211,Outer brow raiser
46/00317,Upper lid raiser
01/00187,Lid tightener
12/00502,Upper lid raiser
50/00330,Outer brow raiser
04/00549,Nan
18/00739,Nan
01/00389,Inner brow raiser
33/00097,Outer brow raiser
06/00198,Nan
04/00227,Nan
01/00423,Outer brow raiser
36/00506,Brow lower
42/00388,Nan
12/00563,Upper lid raiser
06/00579,Lid tightener
52/00346,Outer brow raiser
33/00442,Inner brow raiser
27/00321,Upper lid raiser
47/00667,Outer brow raiser
32/00528,Outer brow raiser
27/00717,Upper lid raiser
44/00173,Outer brow raiser
32/00421,Outer brow raiser
09/00254,Upper lid raiser
53/00522,Inner brow raiser
24/00593,Outer brow raiser
43/00583,Nan
01/00468,Inner brow raiser
24/00429,Brow lower
23/00813,Upper lid raiser
27/00304,Outer brow raiser
52/00243,Brow lower
02/00240,Upper lid raiser
52/00646,Upper lid raiser
43/00196,Outer brow raiser
34/00349,Nan
13/00346,Brow lower
42/00591,Nan
04/00007,Lid tightener
07/00177,Nan
19/00648,Outer brow raiser
15/00686,Outer brow raiser
41/00474,Upper lid raiser
04/00171,Lid tightener
17/00439,Brow lower
17/00107,Upper lid raiser
53/00288,Brow lower
07/00539,Upper lid raiser
40/00290,Nan
49/00549,Nan
15/00814,Lid tightener
20/00488,Outer brow raiser
53/00298,Brow lower
34/00221,Inner brow raiser
36/00934,Brow lower
03/00491,Nan
31/00119,Outer brow raiser
07/00531,Brow lower
08/00587,Brow lower
13/00620,Brow lower
17/00411,Upper lid raiser
46/00579,Upper lid raiser
44/00200,Nan
03/00410,Lid tightener
37/00417,Brow lower
05/00198,Nan
30/00748,Brow lower
36/00423,Outer brow raiser
04/00265,Upper lid raiser
32/00453,Brow lower
51/00373,Inner brow raiser
09/00156,Brow lower
36/00274,Upper lid raiser
35/00332,Outer brow raiser
53/00394,Outer brow raiser
04/00222,Lid tightener
47/00151,Upper lid raiser
04/00546,Upper lid raiser
04/00304,Outer brow raiser
36/00932,Inner brow raiser
12/00020,Brow lower
53/00161,Outer brow raiser
02/00241,Brow lower
05/00173,Lid tightener
29/00531,Outer brow raiser
32/00549,Nan
17/00728,Outer brow raiser
33/00493,Lid tightener
09/00520,Upper lid raiser
21/00222,Brow lower
01/00479,Upper lid raiser
30/00220,Outer brow raiser
35/00050,Brow lower
07/00602,Nan
49/00335,Cheek raiser
12/00183,Brow lower
10/00294,Brow lower
04/00362,Brow lower
01/00483,Upper lid raiser
09/00201,Brow lower
45/00706,Lid tightener
01/00598,Outer brow raiser
39/00865,Outer brow raiser
02/00506,Outer brow raiser
25/00892,Brow lower
45/00218,Lid tightener
50/00080,Nan
12/00672,Lid tightener
03/00332,Nan
06/00617,Upper lid raiser
50/00584,Upper lid raiser
07/00697,Nan
41/00257,Outer brow raiser
37/00599,Outer brow raiser
41/00268,Lid tightener
40/00091,Nan
53/00537,Inner brow raiser
37/00121,Inner brow raiser
40/00540,Nan
30/00445,Nan
07/00219,Brow lower
26/00114,Brow lower
50/00259,Inner brow raiser
01/00460,Outer brow raiser
36/00650,Inner brow raiser
16/00909,Inner brow raiser
35/00179,Cheek raiser
04/00013,Inner brow raiser
51/00099,Outer brow raiser
14/00112,Outer brow raiser
49/00627,Nan
30/00718,Brow lower
01/00490,Outer brow raiser
37/00138,Brow lower
12/00515,Upper lid raiser
22/00804,Brow lower
22/00436,Nan
01/00447,Upper lid raiser
07/00101,Brow lower
01/00569,Brow lower
13/00371,Cheek raiser
17/00023,Brow lower
53/00299,Brow lower
30/00716,Brow lower
34/00106,Outer brow raiser
24/00425,Nan
13/00026,Upper lid raiser
01/00573,Brow lower
52/00248,Outer brow raiser
39/00849,Outer brow raiser
37/00510,Inner brow raiser
17/00241,Brow lower
17/00028,Upper lid raiser
05/00168,Outer brow raiser
44/00163,Outer brow raiser
50/00758,Brow lower
20/00670,Brow lower
37/00509,Brow lower
06/00207,Upper lid raiser
26/00346,Brow lower
32/00530,Outer brow raiser
10/00132,Upper lid raiser
50/00772,Brow lower
06/00300,Upper lid raiser
28/00245,Cheek raiser
10/00453,Upper lid raiser
47/00380,Brow lower
53/00189,Outer brow raiser
04/00415,Brow lower
47/00520,Outer brow raiser
09/00840,Brow lower
26/00497,Nan
30/00137,Outer brow raiser
42/00261,Lid tightener
50/00728,Inner brow raiser
16/00549,Outer brow raiser
23/00255,Brow lower
33/00104,Nan
48/00684,Upper lid raiser
01/00112,Outer brow raiser
01/00647,Brow lower
30/00737,Brow lower
17/00730,Inner brow raiser
47/00614,Upper lid raiser
37/00225,Nan
49/00552,Lid tightener
01/00594,Brow lower
38/00291,Nan
23/00680,Outer brow raiser
04/00300,Outer brow raiser
16/00379,Brow lower
17/00440,Outer brow raiser
04/00090,Nan
23/00741,Outer brow raiser
03/00619,Outer brow raiser
30/00414,Outer brow raiser
07/00346,Upper lid raiser
17/00669,Upper lid raiser
28/00312,Nan
13/00269,Upper lid raiser
31/00626,Cheek raiser
17/00739,Outer brow raiser
07/00631,Nan
13/00406,Cheek raiser
01/00116,Outer brow raiser
09/00594,Brow lower
21/00224,Brow lower
35/00363,Cheek raiser
13/00699,Outer brow raiser
15/00476,Outer brow raiser
31/00639,Nan
38/00704,Outer brow raiser
27/00208,Outer brow raiser
21/00209,Outer brow raiser
43/00403,Brow lower
24/00218,Upper lid raiser
01/00524,Upper lid raiser
12/00677,Upper lid raiser
44/00494,Outer brow raiser
33/00510,Upper lid raiser
23/00792,Brow lower
36/00456,Brow lower
01/00270,Brow lower
05/00490,Brow lower
04/00500,Lid tightener
25/00792,Brow lower
25/00542,Upper lid raiser
10/00264,Upper lid raiser
02/00226,Brow lower
09/00715,Lid tightener
02/00358,Lid tightener
19/00820,Upper lid raiser
49/00166,Outer brow raiser
26/00513,Brow lower
50/00111,Brow lower
30/00188,Upper lid raiser
19/00372,Upper lid raiser
07/00349,Nan
49/00317,Outer brow raiser
37/00486,Outer brow raiser
53/00085,Brow lower
24/00879,Cheek raiser
25/00078,Brow lower
01/00586,Outer brow raiser
32/00351,Nan
19/00575,Brow lower
51/00556,Brow lower
08/00129,Inner brow raiser
15/00330,Nan
25/00082,Brow lower
06/00244,Nan
18/00450,Outer brow raiser
41/00548,Inner brow raiser
02/00106,Nan
40/00494,Brow lower
13/00320,Lid tightener
14/00688,Nan
04/00184,Upper lid raiser
51/00590,Outer brow raiser
32/00303,Outer brow raiser
29/00616,Outer brow raiser
36/00457,Outer brow raiser
15/00770,Brow lower
09/00863,Brow lower
44/00661,Outer brow raiser
10/00191,Upper lid raiser
09/00377,Lid tightener
51/00103,Brow lower
22/00789,Nan
49/00164,Upper lid raiser
27/00727,Nan
32/00302,Outer brow raiser
14/00471,Lid tightener
27/00301,Nan
25/00189,Outer brow raiser
49/00176,Outer brow raiser
03/00319,Nan
35/00185,Cheek raiser
45/00381,Brow lower
20/00486,Brow lower
46/00562,Nan
47/00511,Brow lower
50/00468,Outer brow raiser
34/00049,Upper lid raiser
15/00390,Lid tightener
51/00669,Nan
50/00583,Upper lid raiser
05/00377,Brow lower
39/00347,Brow lower
40/00090,Brow lower
18/00544,Inner brow raiser
53/00497,Outer brow raiser
21/00190,Upper lid raiser
06/00164,Nan
10/00263,Lid tightener
31/00612,Outer brow raiser
38/00658,Brow lower
28/00347,Outer brow raiser
01/00466,Inner brow raiser
23/00489,Outer brow raiser
05/00055,Nan
04/00158,Nan
53/00487,Outer brow raiser
29/00200,Cheek raiser
36/00517,Brow lower
03/00311,Upper lid raiser
35/00355,Lid tightener
04/00629,Nan
06/00068,Nan
05/00376,Brow lower
19/00434,Outer brow raiser
01/00281,Nan
25/00575,Cheek raiser
17/00478,Nan
19/00688,Brow lower
21/00165,Outer brow raiser
31/00060,Inner brow raiser
04/00126,Outer brow raiser
16/00116,Brow lower
31/00073,Outer brow raiser
21/00599,Upper lid raiser
20/00822,Brow lower
26/00350,Outer brow raiser
05/00039,Nan
37/00519,Inner brow raiser
50/00590,Nan
09/00168,Inner brow raiser
35/00637,Brow lower
15/00504,Outer brow raiser
26/00504,Upper lid raiser
28/00404,Cheek raiser
